	STR7	STR1	STR5	STR9	STR2	STR8	STR3	STR4
395	52	None	None	None	142	217	None	None
399	52	None	None	305	142	217	None	None
403	52	None	None	305	None	217	None	None
407	52	None	None	None	None	None	None	None
411	52	None	None	305	None	217	None	None
415	52	None	None	305	146	217	None	None
416	52	None	None	305	143	217	None	None
417	52	None	None	305	None	217	None	None
418	52	None	None	305	None	217	None	None
419	52	None	None	305	None	217	None	None
420	52	None	None	305	None	217	None	None
347_R	52	None	None	305	145	217	None	None
353_R	52	None	113	305	141	217	100	None
345_R	52	None	None	305	None	217	None	None
350_R	52	None	None	305	None	217	None	None
431	52	None	111	305	143	217	None	None
435	None	None	None	None	None	217	None	None
353_R_miseq	52	0	113	305	139	217	101	117
438	52	None	None	None	None	None	None	None
441	52	None	None	305	None	217	None	None
453	52	None	None	305	None	217	None	None
457	52	None	None	305	146	217	None	None
345	None	None	None	None	None	217	None	None
347	None	None	None	None	None	217	None	None
349	52	None	None	305	None	217	None	None
350	52	None	None	None	None	None	None	None
351	52	None	None	305	None	217	None	None
352	52	None	None	None	None	217	None	None
353	52	None	113	305	None	217	None	None
349_R	52	None	115	305	141	217	None	118
352_R	52	None	116	305	143	217	None	None
351_R	52	None	113	305	None	217	None	None
